account_code;country;customer_id;description;merchant_order_id;payment_id;status;sub_status;amount_value;captured;refunded;currency;pnr;created_at;updated_at
7cb39ffe-cbec-4e51-9eb2-b56cde3e2905;CL;f1acc3e6-f37a-4aa3-aed4-4dbce8597199;payment_soap;914434;5450a05b-d1b3-42b3-9bc6-43bbce1779ff;CHARGEBACK;LOST;364.900.000;0.0000;0.0000;CLP;;2023-06-06T12:38:21.907429Z;2023-06-23T17:04:06.232519Z
7cb39ffe-cbec-4e51-9eb2-b56cde3e2905;CL;082c78a7-17e2-4fd1-84f5-968c265ae5b2;payment_soap;913744;3afeaa16-a46f-4715-a098-477fddfc6dd2;DECLINED;DECLINED;364.900.000;0.0000;0.0000;CLP;;2023-06-05T03:25:36.378779Z;2023-06-05T03:41:01.917764Z
7cb39ffe-cbec-4e51-9eb2-b56cde3e2905;CL;1e73eec4-7cfd-451c-a719-f3c0309bea2c;payment_soap;913765;9c9f74bb-99d0-47cd-b613-90e2f620fc5f;DECLINED;DECLINED;81.900.000;0.0000;0.0000;CLP;;2023-06-05T11:54:30.244132Z;2023-06-05T12:20:20.630722Z
7cb39ffe-cbec-4e51-9eb2-b56cde3e2905;CL;4cf5965e-c4bf-485b-9842-7480b71ff8ea;payment_soap;913777;3a911b87-5497-45bb-8e2c-666ecf53397b;DECLINED;DECLINED;364.900.000;0.0000;0.0000;CLP;;2023-06-05T12:38:38.519823Z;2023-06-05T12:41:58.270276Z
7cb39ffe-cbec-4e51-9eb2-b56cde3e2905;CL;31693654-4a76-4c9b-9978-fdc2ba7b0df5;payment_soap;913747;0ad149a9-2856-4c9e-acb4-6bcc2d7904fa;EXPIRED;EXPIRED;59.900.000;0.0000;0.0000;CLP;;2023-06-05T03:47:00.676552Z;2023-06-05T03:47:29.544085Z
7cb39ffe-cbec-4e51-9eb2-b56cde3e2905;CL;bc558251-acac-4169-aabe-31d6956ad3ef;payment_soap;913767;73452ff0-7593-444c-8ea5-fb4f536720a1;EXPIRED;EXPIRED;59.900.000;0.0000;0.0000;CLP;;2023-06-05T12:16:01.293288Z;2023-06-05T12:40:31.141235Z
7cb39ffe-cbec-4e51-9eb2-b56cde3e2905;CL;f66b6d6a-f091-4ce0-9560-86086428dbb8;payment_soap;913780;c30adf25-f4a1-44fa-b440-6d774f693603;PENDING;IN_PROCESS;59.900.000;0.0000;0.0000;CLP;;2023-06-05T12:42:47.999667Z;2023-06-05T12:42:49.875652Z
7cb39ffe-cbec-4e51-9eb2-b56cde3e2905;CL;950e27e5-b9c3-4dbc-8ec1-df8e80e06a3e;payment_soap;913856;3a782e87-26d3-4efa-8fc0-240b4491b216;PENDING;IN_PROCESS;59.900.000;0.0000;0.0000;CLP;;2023-06-05T14:19:20.681548Z;2023-06-05T14:19:22.596388Z
7cb39ffe-cbec-4e51-9eb2-b56cde3e2905;CL;7ace1bfc-844b-4833-8ed4-b0da9a287b1e;payment_soap;913928;c1cb0241-5887-4429-849b-bd0c2a0d298d;REFUNDED;REFUNDED;81.900.000;0.0000;81.900.000;CLP;;2023-06-05T15:15:40.425015Z;2023-06-06T22:17:08.288842Z
7cb39ffe-cbec-4e51-9eb2-b56cde3e2905;CL;583a76d3-eac5-4949-8721-90caa9760b69;payment_soap;914018;822b86b4-0677-4a9e-8e11-e2cd0a79a166;REFUNDED;REFUNDED;364.900.000;0.0000;364.900.000;CLP;;2023-06-05T16:34:22.889162Z;2023-06-06T22:17:07.737597Z
7cb39ffe-cbec-4e51-9eb2-b56cde3e2905;CL;904be665-1511-4226-910b-e322244f4d55;payment_soap;913738;8187c88b-96c3-4e98-967e-2eede3a41eea;SUCCEEDED;APPROVED;59.900.000;0.0000;0.0000;CLP;;2023-06-05T03:02:02.590204Z;2023-06-05T03:03:30.469475Z
7cb39ffe-cbec-4e51-9eb2-b56cde3e2905;CL;d6ce216f-3314-4443-88b2-fb3280737098;payment_soap;913737;6e9cbdb7-22b4-44a9-af80-bff45d10d481;SUCCEEDED;APPROVED;59.900.000;0.0000;0.0000;CLP;;2023-06-05T03:02:10.270490Z;2023-06-05T03:02:14.731201Z
7cb39ffe-cbec-4e51-9eb2-b56cde3e2905;CL;477a51c8-436b-4277-9649-5cdbbff3e6aa;payment_soap;913736;03df85c5-e080-4cc5-8a52-9285d2f7ada7;SUCCEEDED;APPROVED;59.900.000;0.0000;0.0000;CLP;;2023-06-05T03:03:12.119779Z;2023-06-05T03:03:15.641249Z